[
  {
    "id": "50674b24-dab7-4e2b-9126-dce24f6b0cfe",
    "data": [
      {
        "text": "puedo adjuntar ",
        "userDefined": false
      },
      {
        "text": "un",
        "meta": "@sys.ignore",
        "userDefined": false
      },
      {
        "text": " video en el depósito de ",
        "userDefined": false
      },
      {
        "text": "mi",
        "meta": "@sys.ignore",
        "userDefined": false
      },
      {
        "text": " memoria?",
        "userDefined": false
      }
    ],
    "isTemplate": false,
    "count": 0,
    "lang": "es",
    "updated": 0
  },
  {
    "id": "5267c90c-616f-48cd-9dda-7f2ef1f77b63",
    "data": [
      {
        "text": "adjuntar ",
        "userDefined": false
      },
      {
        "text": "un",
        "meta": "@sys.ignore",
        "userDefined": false
      },
      {
        "text": " video en el depósito",
        "userDefined": false
      }
    ],
    "isTemplate": false,
    "count": 0,
    "lang": "es",
    "updated": 0
  },
  {
    "id": "6f34a6a6-3132-4b4a-9b4e-52bfbeaee3ff",
    "data": [
      {
        "text": "añadir videos en el depósito",
        "userDefined": false
      }
    ],
    "isTemplate": false,
    "count": 0,
    "lang": "es",
    "updated": 0
  },
  {
    "id": "c8feabe8-2368-4f0e-b8d8-1732fe7d04d6",
    "data": [
      {
        "text": "añadir videos en la entrega",
        "userDefined": false
      }
    ],
    "isTemplate": false,
    "count": 0,
    "lang": "es",
    "updated": 0
  },
  {
    "id": "0a19d78c-585f-4af3-a5e5-b118fca4ddeb",
    "data": [
      {
        "text": "incluir videos en el depósito",
        "userDefined": false
      }
    ],
    "isTemplate": false,
    "count": 0,
    "lang": "es",
    "updated": 0
  },
  {
    "id": "7c46194b-42ee-467f-a4d1-3ef37cfb66fa",
    "data": [
      {
        "text": "adjuntar videos",
        "userDefined": false
      }
    ],
    "isTemplate": false,
    "count": 0,
    "lang": "es",
    "updated": 0
  },
  {
    "id": "2aee6a06-fc5d-4cbe-bbba-c0114a819e2a",
    "data": [
      {
        "text": "¿Se pueden adjuntar videos en el deposito del TFG??",
        "userDefined": false
      }
    ],
    "isTemplate": false,
    "count": 0,
    "lang": "es",
    "updated": 0
  }
]