[
  {
    "id": "b94f7a0d-2b52-4690-93ae-c43c58f29cdd",
    "data": [
      {
        "text": "¿puedo elegir cualquier profesor?",
        "userDefined": false
      }
    ],
    "isTemplate": false,
    "count": 0,
    "lang": "es",
    "updated": 0
  },
  {
    "id": "6afa411a-83e3-4321-8b10-afdf530a767e",
    "data": [
      {
        "text": "¿Puedo hacer el ",
        "userDefined": false
      },
      {
        "text": "TFG",
        "meta": "@tfg",
        "alias": "tfg",
        "userDefined": false
      },
      {
        "text": " con cualquier profesor?",
        "userDefined": false
      }
    ],
    "isTemplate": false,
    "count": 0,
    "lang": "es",
    "updated": 0
  },
  {
    "id": "9c77d4e4-672c-4dc9-9032-ea2e340f4955",
    "data": [
      {
        "text": "puedo elegir el profesor que quiera?",
        "userDefined": false
      }
    ],
    "isTemplate": false,
    "count": 0,
    "lang": "es",
    "updated": 0
  },
  {
    "id": "df8777f1-919e-44f3-83e4-51aebb598611",
    "data": [
      {
        "text": "profesor que quiera",
        "userDefined": false
      }
    ],
    "isTemplate": false,
    "count": 0,
    "lang": "es",
    "updated": 0
  },
  {
    "id": "17980684-bfb7-4c09-afb3-b655bbd7962d",
    "data": [
      {
        "text": "tutor que quiera",
        "userDefined": false
      }
    ],
    "isTemplate": false,
    "count": 0,
    "lang": "es",
    "updated": 0
  }
]