[
  {
    "id": "ef5f1dde-2de6-4ddf-b7cd-aac4a5f0e27b",
    "data": [
      {
        "text": "fecha convocatoria",
        "userDefined": false
      }
    ],
    "isTemplate": false,
    "count": 0,
    "lang": "es",
    "updated": 0
  },
  {
    "id": "e6144f11-0443-4507-bd77-0413609b4fc4",
    "data": [
      {
        "text": "cuando es la convocatoria",
        "userDefined": false
      }
    ],
    "isTemplate": false,
    "count": 0,
    "lang": "es",
    "updated": 0
  },
  {
    "id": "5027abac-f7ce-44ce-b402-36b5f2175f49",
    "data": [
      {
        "text": "que meses son las convocatorias",
        "userDefined": false
      }
    ],
    "isTemplate": false,
    "count": 0,
    "lang": "es",
    "updated": 0
  },
  {
    "id": "0afa9e20-3c2d-456f-8b45-fcd30bf4afac",
    "data": [
      {
        "text": "cuando son las convocatorias",
        "userDefined": false
      }
    ],
    "isTemplate": false,
    "count": 0,
    "lang": "es",
    "updated": 0
  }
]