[
  {
    "id": "994043c6-bcee-4c54-be7a-4cfe7b942eee",
    "data": [
      {
        "text": "deposito tfg",
        "userDefined": false
      }
    ],
    "isTemplate": false,
    "count": 0,
    "lang": "es",
    "updated": 0
  },
  {
    "id": "f10c3965-ade4-4c4f-8bbe-0be6edf570ab",
    "data": [
      {
        "text": "deposito memoria",
        "userDefined": false
      }
    ],
    "isTemplate": false,
    "count": 0,
    "lang": "es",
    "updated": 0
  },
  {
    "id": "fc6c3178-69d5-46f9-871d-f5e53beea93d",
    "data": [
      {
        "text": "donde tengo que ",
        "userDefined": false
      },
      {
        "text": "subir",
        "meta": "@sys.ignore",
        "userDefined": false
      },
      {
        "text": " los ficheros",
        "userDefined": false
      }
    ],
    "isTemplate": false,
    "count": 1,
    "lang": "es",
    "updated": 0
  },
  {
    "id": "7589032b-e8c8-4018-b6b4-83e05ed08d9a",
    "data": [
      {
        "text": "donde tengo que ",
        "userDefined": false
      },
      {
        "text": "subir",
        "meta": "@sys.ignore",
        "userDefined": false
      },
      {
        "text": " los archivos",
        "userDefined": false
      }
    ],
    "isTemplate": false,
    "count": 0,
    "lang": "es",
    "updated": 0
  },
  {
    "id": "3caf9c1d-473b-4787-8e0e-672e3b1cda67",
    "data": [
      {
        "text": "donde se entrega",
        "userDefined": false
      }
    ],
    "isTemplate": false,
    "count": 0,
    "lang": "es",
    "updated": 0
  },
  {
    "id": "f0f6de5a-d183-44cc-801b-3959ef8f0c6f",
    "data": [
      {
        "text": "donde hago la entrega",
        "userDefined": false
      }
    ],
    "isTemplate": false,
    "count": 0,
    "lang": "es",
    "updated": 0
  },
  {
    "id": "0efa9c90-7dfd-454c-954a-c4deb0a9e740",
    "data": [
      {
        "text": "Como se deposita el tfg",
        "userDefined": false
      }
    ],
    "isTemplate": false,
    "count": 0,
    "lang": "es",
    "updated": 0
  },
  {
    "id": "7cd22e4b-9c6c-4f8f-8693-cb10614fa744",
    "data": [
      {
        "text": "Donde entrego la memoria?",
        "userDefined": false
      }
    ],
    "isTemplate": false,
    "count": 0,
    "lang": "es",
    "updated": 0
  },
  {
    "id": "d07dcaea-43c3-431f-8fd2-db6c6d26ca5f",
    "data": [
      {
        "text": "¿Cómo realizo el depósito de la memoria?",
        "userDefined": false
      }
    ],
    "isTemplate": false,
    "count": 0,
    "lang": "es",
    "updated": 0
  },
  {
    "id": "407e6bf2-7567-4738-9c9b-9f42cc23329c",
    "data": [
      {
        "text": "¿Dónde realizo el depósito de la memoria?",
        "userDefined": false
      }
    ],
    "isTemplate": false,
    "count": 0,
    "lang": "es",
    "updated": 0
  }
]