[
  {
    "id": "13d256b6-38da-4d0e-9654-ddc80fe69503",
    "data": [
      {
        "text": "En que consiste el ",
        "userDefined": false
      },
      {
        "text": "TFG",
        "meta": "@tfg",
        "alias": "tfg",
        "userDefined": true
      },
      {
        "text": "?",
        "userDefined": false
      }
    ],
    "isTemplate": false,
    "count": 0,
    "lang": "es",
    "updated": 0
  },
  {
    "id": "137dd4a8-c630-4865-8a05-f68896dedb83",
    "data": [
      {
        "text": "que es el ",
        "userDefined": false
      },
      {
        "text": "tfg",
        "meta": "@tfg",
        "alias": "tfg",
        "userDefined": true
      }
    ],
    "isTemplate": false,
    "count": 0,
    "lang": "es",
    "updated": 0
  }
]