[
  {
    "id": "6938bbbc-0eb1-4ede-9a07-5e7b926a10e3",
    "data": [
      {
        "text": "hay que hacer memoria?",
        "userDefined": false
      }
    ],
    "isTemplate": false,
    "count": 0,
    "lang": "es",
    "updated": 0
  },
  {
    "id": "7c435f61-5fc0-4ade-a248-8b21ec6029e5",
    "data": [
      {
        "text": "tengo que hacer memoria de tfg?",
        "userDefined": false
      }
    ],
    "isTemplate": false,
    "count": 0,
    "lang": "es",
    "updated": 0
  },
  {
    "id": "81582bc7-15b8-45a1-9ce8-2d94ea5ffada",
    "data": [
      {
        "text": "no se que es la memoria",
        "userDefined": false
      }
    ],
    "isTemplate": false,
    "count": 0,
    "lang": "es",
    "updated": 0
  },
  {
    "id": "1141c7eb-c021-4f6e-97d3-13ff5d27c23d",
    "data": [
      {
        "text": "que es ",
        "userDefined": false
      },
      {
        "text": "una",
        "meta": "@sys.ignore",
        "userDefined": false
      },
      {
        "text": " memoria",
        "userDefined": false
      }
    ],
    "isTemplate": false,
    "count": 0,
    "lang": "es",
    "updated": 0
  },
  {
    "id": "447b2a7e-bddc-48c0-ada9-7417193e5739",
    "data": [
      {
        "text": "que es la memoria",
        "userDefined": false
      }
    ],
    "isTemplate": false,
    "count": 0,
    "lang": "es",
    "updated": 0
  }
]