[
  {
    "id": "8879a150-88d8-4ffa-b416-228421e97334",
    "data": [
      {
        "text": "puedo adelantar la convocatoria a ",
        "userDefined": false
      },
      {
        "text": "septiembre",
        "meta": "@sys.ignore",
        "userDefined": false
      },
      {
        "text": "?",
        "userDefined": false
      }
    ],
    "isTemplate": false,
    "count": 0,
    "lang": "es",
    "updated": 0
  },
  {
    "id": "0e1d6b24-2186-493d-96f3-0fff421ccc70",
    "data": [
      {
        "text": "quiero presentarme en ",
        "userDefined": false
      },
      {
        "text": "septiembre",
        "meta": "@sys.ignore",
        "userDefined": false
      }
    ],
    "isTemplate": false,
    "count": 0,
    "lang": "es",
    "updated": 0
  },
  {
    "id": "7ac50c83-6a6e-45e6-8b0a-a23c26712a88",
    "data": [
      {
        "text": "puedo adelantarlo a ",
        "userDefined": false
      },
      {
        "text": "septiembre",
        "meta": "@sys.ignore",
        "userDefined": false
      },
      {
        "text": "?",
        "userDefined": false
      }
    ],
    "isTemplate": false,
    "count": 0,
    "lang": "es",
    "updated": 0
  },
  {
    "id": "84696fe2-a4c7-4d36-aa45-17e254dacbdf",
    "data": [
      {
        "text": "¿no lo puedo hacer en ",
        "userDefined": false
      },
      {
        "text": "septiembre",
        "meta": "@sys.ignore",
        "userDefined": false
      },
      {
        "text": "?",
        "userDefined": false
      }
    ],
    "isTemplate": false,
    "count": 0,
    "lang": "es",
    "updated": 0
  },
  {
    "id": "dbdaba7e-835b-470b-b185-242652ea58ba",
    "data": [
      {
        "text": "¿y si lo quiero hacer en ",
        "userDefined": false
      },
      {
        "text": "septiembre",
        "meta": "@sys.ignore",
        "userDefined": false
      },
      {
        "text": "?",
        "userDefined": false
      }
    ],
    "isTemplate": false,
    "count": 0,
    "lang": "es",
    "updated": 0
  }
]