[
  {
    "id": "5a1b15fa-a610-443a-b2fa-3c2e8de478c6",
    "data": [
      {
        "text": "como se hacen las referencias",
        "userDefined": false
      }
    ],
    "isTemplate": false,
    "count": 0,
    "lang": "es",
    "updated": 0
  },
  {
    "id": "1ad87a8d-cce7-4f10-8587-6ac6cb2b560b",
    "data": [
      {
        "text": "como hacer referencias",
        "userDefined": false
      }
    ],
    "isTemplate": false,
    "count": 0,
    "lang": "es",
    "updated": 0
  },
  {
    "id": "5d510f88-75bb-4b66-873d-e560f09c8ec5",
    "data": [
      {
        "text": "formato de las referencias",
        "userDefined": false
      }
    ],
    "isTemplate": false,
    "count": 0,
    "lang": "es",
    "updated": 0
  },
  {
    "id": "0ded9b59-56b0-4f23-a9be-64567ec408bf",
    "data": [
      {
        "text": "referencias",
        "userDefined": false
      }
    ],
    "isTemplate": false,
    "count": 0,
    "lang": "es",
    "updated": 0
  },
  {
    "id": "d9b342a7-2903-4a3a-a4bd-32ef3f7f57c0",
    "data": [
      {
        "text": "herramientas que ayuden a hacer referencias",
        "userDefined": false
      }
    ],
    "isTemplate": false,
    "count": 0,
    "lang": "es",
    "updated": 0
  },
  {
    "id": "2098ad84-e688-4a96-8597-653016846885",
    "data": [
      {
        "text": "programas para hacer referencias",
        "userDefined": false
      }
    ],
    "isTemplate": false,
    "count": 0,
    "lang": "es",
    "updated": 0
  }
]