[
  {
    "id": "395468b1-00e8-4dde-ba38-96f152f3f24b",
    "data": [
      {
        "text": "que ",
        "userDefined": false
      },
      {
        "text": "es",
        "meta": "@sys.ignore",
        "userDefined": false
      },
      {
        "text": " sigma",
        "userDefined": false
      }
    ],
    "isTemplate": false,
    "count": 0,
    "lang": "es",
    "updated": 0
  },
  {
    "id": "bc3951c7-4291-4480-bcec-fa48181b3cb5",
    "data": [
      {
        "text": "sigma",
        "meta": "@sys.ignore",
        "userDefined": false
      }
    ],
    "isTemplate": false,
    "count": 0,
    "lang": "es",
    "updated": 0
  }
]