[
  {
    "id": "1d6115d6-4c02-48b8-81b0-11758b27d2d4",
    "data": [
      {
        "text": "cuales son los temas posibles?",
        "userDefined": false
      }
    ],
    "isTemplate": false,
    "count": 0,
    "lang": "es",
    "updated": 0
  },
  {
    "id": "c8ce29d1-7c7a-415a-a406-c8fd26fd3252",
    "data": [
      {
        "text": "sobre que temas puede ser?",
        "userDefined": false
      }
    ],
    "isTemplate": false,
    "count": 0,
    "lang": "es",
    "updated": 0
  },
  {
    "id": "52770bf3-8350-474d-8683-f6c668d2666a",
    "data": [
      {
        "text": "de que temas puede ser?",
        "userDefined": false
      }
    ],
    "isTemplate": false,
    "count": 0,
    "lang": "es",
    "updated": 0
  }
]