[
  {
    "id": "8a9cb37f-eb46-4c43-9c18-bfc373a4f706",
    "data": [
      {
        "text": "tenía algunas dudas sobre el trabajo",
        "userDefined": false
      }
    ],
    "isTemplate": false,
    "count": 0,
    "lang": "es",
    "updated": 0
  },
  {
    "id": "fca389e1-7a62-421d-8646-e6d1b9dc1a7b",
    "data": [
      {
        "text": "me gustaria preguntar sobre la asignatura",
        "userDefined": false
      }
    ],
    "isTemplate": false,
    "count": 0,
    "lang": "es",
    "updated": 0
  },
  {
    "id": "d3b90b23-059e-4c09-b20b-2433e64815d1",
    "data": [
      {
        "text": "quiero preguntar ",
        "userDefined": false
      },
      {
        "text": "una",
        "meta": "@sys.ignore",
        "userDefined": false
      },
      {
        "text": " cosa",
        "userDefined": false
      }
    ],
    "isTemplate": false,
    "count": 0,
    "lang": "es",
    "updated": 0
  },
  {
    "id": "bf58bc0b-f63a-4247-96af-b7aa3036a0e5",
    "data": [
      {
        "text": "tengo ",
        "userDefined": false
      },
      {
        "text": "una",
        "meta": "@sys.ignore",
        "userDefined": false
      },
      {
        "text": " duda",
        "userDefined": false
      }
    ],
    "isTemplate": false,
    "count": 0,
    "lang": "es",
    "updated": 0
  }
]