[
  {
    "id": "04584ea8-3aa9-47e6-a1a0-b7473c475027",
    "data": [
      {
        "text": "Que día se entrega?",
        "userDefined": false
      }
    ],
    "isTemplate": false,
    "count": 0,
    "lang": "es",
    "updated": 0
  },
  {
    "id": "0b4cfbfd-d2d9-447d-ba15-949c4cede441",
    "data": [
      {
        "text": "calendario entregas",
        "userDefined": false
      }
    ],
    "isTemplate": false,
    "count": 0,
    "lang": "es",
    "updated": 0
  },
  {
    "id": "2f3b12fc-276a-4ff2-88a5-1e364d11eaeb",
    "data": [
      {
        "text": "en que fecha tengo que entregar el proyecto",
        "userDefined": false
      }
    ],
    "isTemplate": false,
    "count": 0,
    "lang": "es",
    "updated": 0
  },
  {
    "id": "6683ccea-a995-4d66-b3e4-95809e6ccf69",
    "data": [
      {
        "text": "fecha entrega proyecto",
        "userDefined": false
      }
    ],
    "isTemplate": false,
    "count": 0,
    "lang": "es",
    "updated": 0
  },
  {
    "id": "415ad191-bc35-4004-968b-97c360810b48",
    "data": [
      {
        "text": "cuándo ",
        "userDefined": false
      },
      {
        "text": "es",
        "meta": "@sys.ignore",
        "userDefined": false
      },
      {
        "text": " la defensa de ",
        "userDefined": false
      },
      {
        "text": "mi",
        "meta": "@sys.ignore",
        "userDefined": false
      },
      {
        "text": " trabajo",
        "userDefined": false
      }
    ],
    "isTemplate": false,
    "count": 2,
    "lang": "es",
    "updated": 0
  },
  {
    "id": "9811b8f7-ca1e-48ac-bf7d-4b41277eb230",
    "data": [
      {
        "text": "¿Cuándo me toca exponer?",
        "userDefined": false
      }
    ],
    "isTemplate": false,
    "count": 0,
    "lang": "es",
    "updated": 0
  },
  {
    "id": "64696d64-1773-4fe6-84ad-b1587f7d28bd",
    "data": [
      {
        "text": "¿Dónde puedo ver las fecha de presentación?",
        "userDefined": false
      }
    ],
    "isTemplate": false,
    "count": 0,
    "lang": "es",
    "updated": 0
  },
  {
    "id": "5263593d-deb9-4bb5-8737-2d72f4dc6ad7",
    "data": [
      {
        "text": "Cuanto tiempo tengo para el depósito de la memoria ?",
        "userDefined": false
      }
    ],
    "isTemplate": false,
    "count": 0,
    "lang": "es",
    "updated": 0
  },
  {
    "id": "2da36de3-7061-4500-bda2-e51a7e981a12",
    "data": [
      {
        "text": "Cuanto tiempo tengo para el depósito del TFG ?",
        "userDefined": false
      }
    ],
    "isTemplate": false,
    "count": 0,
    "lang": "es",
    "updated": 0
  },
  {
    "id": "091e8b20-218c-4d6c-8498-ff17afee39dc",
    "data": [
      {
        "text": "Cuando se puede presentar el TFG ?",
        "userDefined": false
      }
    ],
    "isTemplate": false,
    "count": 0,
    "lang": "es",
    "updated": 0
  },
  {
    "id": "a234493f-f4da-4c3a-aed8-589bfe9bcd9e",
    "data": [
      {
        "text": "No hay más fechas?",
        "userDefined": false
      }
    ],
    "isTemplate": false,
    "count": 0,
    "lang": "es",
    "updated": 0
  },
  {
    "id": "32884585-b809-478d-8200-121af2923ca2",
    "data": [
      {
        "text": "¿en qué fecha tengo que entregar la memoria?",
        "userDefined": false
      }
    ],
    "isTemplate": false,
    "count": 0,
    "lang": "es",
    "updated": 0
  },
  {
    "id": "b2e15f3a-d455-4a31-a10b-62273ef1646f",
    "data": [
      {
        "text": "fecha entrega memoria",
        "userDefined": false
      }
    ],
    "isTemplate": false,
    "count": 0,
    "lang": "es",
    "updated": 0
  },
  {
    "id": "1bb63bb6-7b9f-4564-a145-f48b6f4dd865",
    "data": [
      {
        "text": "fecha límite de entrega",
        "userDefined": false
      }
    ],
    "isTemplate": false,
    "count": 0,
    "lang": "es",
    "updated": 0
  },
  {
    "id": "9893157d-fbcc-4b27-83e9-71d0ab63d547",
    "data": [
      {
        "text": "cuando tengo que hacer la presentacion",
        "userDefined": false
      }
    ],
    "isTemplate": false,
    "count": 0,
    "lang": "es",
    "updated": 0
  },
  {
    "id": "ee3ed54b-f28a-4d44-abee-aed7b9338d32",
    "data": [
      {
        "text": "¿cuándo tengo que presentar el trabajo?",
        "userDefined": false
      }
    ],
    "isTemplate": false,
    "count": 0,
    "lang": "es",
    "updated": 0
  },
  {
    "id": "03718386-3893-4861-9147-cfa1f69b418e",
    "data": [
      {
        "text": "¿cuanto tiempo hay entre ",
        "userDefined": false
      },
      {
        "text": "la primera",
        "meta": "@sys.ignore",
        "userDefined": false
      },
      {
        "text": " y ",
        "userDefined": false
      },
      {
        "text": "segunda",
        "meta": "@sys.ignore",
        "userDefined": false
      },
      {
        "text": " convocatoria?",
        "userDefined": false
      }
    ],
    "isTemplate": false,
    "count": 0,
    "lang": "es",
    "updated": 0
  },
  {
    "id": "fadcd688-55e7-4ca0-a0d8-9f4a6c423426",
    "data": [
      {
        "text": "que plazos tengo",
        "userDefined": false
      }
    ],
    "isTemplate": false,
    "count": 0,
    "lang": "es",
    "updated": 0
  },
  {
    "id": "f00d9021-7faa-4825-be8e-de5504362d5b",
    "data": [
      {
        "text": "cuales ",
        "userDefined": false
      },
      {
        "text": "son",
        "meta": "@sys.ignore",
        "userDefined": false
      },
      {
        "text": " los plazos",
        "userDefined": false
      }
    ],
    "isTemplate": false,
    "count": 0,
    "lang": "es",
    "updated": 0
  },
  {
    "id": "33d3b337-b256-4290-a93a-db824496e70a",
    "data": [
      {
        "text": "cuando hay que entregarlo",
        "userDefined": false
      }
    ],
    "isTemplate": false,
    "count": 0,
    "lang": "es",
    "updated": 0
  },
  {
    "id": "26cc4345-ece3-43b6-a6c4-4a2cb500a9a0",
    "data": [
      {
        "text": "Cuales son las fechas de entrega",
        "userDefined": false
      }
    ],
    "isTemplate": false,
    "count": 0,
    "lang": "es",
    "updated": 0
  },
  {
    "id": "8da6245b-c1b1-467a-aa53-13caf0ee92c7",
    "data": [
      {
        "text": "¿Cuál es la fecha de entrega?",
        "userDefined": false
      }
    ],
    "isTemplate": false,
    "count": 0,
    "lang": "es",
    "updated": 0
  }
]