[
  {
    "id": "0ca38df4-e46a-46d5-af2b-0003b81ce3a6",
    "data": [
      {
        "text": "trabajos años anteriores",
        "userDefined": false
      }
    ],
    "isTemplate": false,
    "count": 0,
    "lang": "es",
    "updated": 0
  },
  {
    "id": "153007f4-8b39-4ffe-8d8a-597d45da831d",
    "data": [
      {
        "text": "histórico trabajos",
        "userDefined": false
      }
    ],
    "isTemplate": false,
    "count": 0,
    "lang": "es",
    "updated": 0
  },
  {
    "id": "8327507c-a04f-4f42-87fb-2c69516360f2",
    "data": [
      {
        "text": "historico trabajos",
        "userDefined": false
      }
    ],
    "isTemplate": false,
    "count": 0,
    "lang": "es",
    "updated": 0
  }
]