[
  {
    "id": "11ddc39c-32c2-4884-9de6-8651d3925bb9",
    "data": [
      {
        "text": "link instancia",
        "userDefined": false
      }
    ],
    "isTemplate": false,
    "count": 0,
    "lang": "es",
    "updated": 0
  },
  {
    "id": "07dd6e20-229b-4d2a-8ac7-312a8a0e7534",
    "data": [
      {
        "text": "donde esta el enlace de la instancia",
        "userDefined": false
      }
    ],
    "isTemplate": false,
    "count": 0,
    "lang": "es",
    "updated": 0
  },
  {
    "id": "673d7e28-b0e6-44ce-8d01-f0da9da1e4d3",
    "data": [
      {
        "text": "como presento la instancia",
        "userDefined": false
      }
    ],
    "isTemplate": false,
    "count": 0,
    "lang": "es",
    "updated": 0
  },
  {
    "id": "defdab53-5cac-4d65-b1b0-6065d00dadc3",
    "data": [
      {
        "text": "instancia a presentar",
        "userDefined": false
      }
    ],
    "isTemplate": false,
    "count": 0,
    "lang": "es",
    "updated": 0
  },
  {
    "id": "60674519-5600-4efa-a54e-e9a847043055",
    "data": [
      {
        "text": "donde esta la instancia",
        "userDefined": false
      }
    ],
    "isTemplate": false,
    "count": 0,
    "lang": "es",
    "updated": 0
  },
  {
    "id": "a2cc5d89-4c66-4225-9107-7faef29d52c7",
    "data": [
      {
        "text": "como presento ",
        "userDefined": false
      },
      {
        "text": "una",
        "meta": "@sys.ignore",
        "userDefined": false
      },
      {
        "text": " instancia",
        "userDefined": false
      }
    ],
    "isTemplate": false,
    "count": 0,
    "lang": "es",
    "updated": 0
  }
]