[
  {
    "id": "59b6fdbf-b2da-44bd-8789-956393d56f46",
    "data": [
      {
        "text": "tengo que hacer memoria?",
        "userDefined": false
      }
    ],
    "isTemplate": false,
    "count": 0,
    "lang": "es",
    "updated": 0
  },
  {
    "id": "03e1d922-6ae3-4e90-a196-558ff696fa19",
    "data": [
      {
        "text": "tengo que hacer memoria del tfg?",
        "userDefined": false
      }
    ],
    "isTemplate": false,
    "count": 0,
    "lang": "es",
    "updated": 0
  },
  {
    "id": "81582bc7-15b8-45a1-9ce8-2d94ea5ffada",
    "data": [
      {
        "text": "no se que es la memoria",
        "userDefined": false
      }
    ],
    "isTemplate": false,
    "count": 0,
    "lang": "es",
    "updated": 0
  },
  {
    "id": "1141c7eb-c021-4f6e-97d3-13ff5d27c23d",
    "data": [
      {
        "text": "que es ",
        "userDefined": false
      },
      {
        "text": "una",
        "meta": "@sys.ignore",
        "userDefined": false
      },
      {
        "text": " memoria",
        "userDefined": false
      }
    ],
    "isTemplate": false,
    "count": 0,
    "lang": "es",
    "updated": 0
  },
  {
    "id": "447b2a7e-bddc-48c0-ada9-7417193e5739",
    "data": [
      {
        "text": "que es la memoria",
        "userDefined": false
      }
    ],
    "isTemplate": false,
    "count": 0,
    "lang": "es",
    "updated": 0
  }
]