[
  {
    "id": "5836ac5e-8e57-4188-9009-fa9622e9a1d7",
    "data": [
      {
        "text": "Invitados presentación",
        "userDefined": false
      }
    ],
    "isTemplate": false,
    "count": 0,
    "lang": "es",
    "updated": 0
  },
  {
    "id": "6766b754-eb6f-4171-96ea-f340ea2563c7",
    "data": [
      {
        "text": "pueden venir mis padres a verme?",
        "userDefined": false
      }
    ],
    "isTemplate": false,
    "count": 0,
    "lang": "es",
    "updated": 0
  },
  {
    "id": "69f7209f-9d19-411c-96ce-df124d51e961",
    "data": [
      {
        "text": "puede venir ",
        "userDefined": false
      },
      {
        "text": "mi",
        "meta": "@sys.ignore",
        "userDefined": false
      },
      {
        "text": " madre a verme?",
        "userDefined": false
      }
    ],
    "isTemplate": false,
    "count": 0,
    "lang": "es",
    "updated": 0
  },
  {
    "id": "cf911567-9975-4362-9cdd-b216df8d1cca",
    "data": [
      {
        "text": "puede conectarse cualquier persona a la presentación?",
        "userDefined": false
      }
    ],
    "isTemplate": false,
    "count": 0,
    "lang": "es",
    "updated": 0
  },
  {
    "id": "f94ded39-eba3-4860-905d-73baf6e686d3",
    "data": [
      {
        "text": "¿puede ver cualquiera la presentación?",
        "userDefined": false
      }
    ],
    "isTemplate": false,
    "count": 0,
    "lang": "es",
    "updated": 0
  },
  {
    "id": "c124eb60-0f4e-426b-8ce2-cb23837d97d7",
    "data": [
      {
        "text": "quien habrá en la presentación",
        "userDefined": false
      }
    ],
    "isTemplate": false,
    "count": 0,
    "lang": "es",
    "updated": 0
  },
  {
    "id": "8f68bd1d-164f-4a69-a307-5f657642c51b",
    "data": [
      {
        "text": "habrá público en la exposición?",
        "userDefined": false
      }
    ],
    "isTemplate": false,
    "count": 0,
    "lang": "es",
    "updated": 0
  },
  {
    "id": "9b0c49da-3233-44e9-b224-9732427fec15",
    "data": [
      {
        "text": "quienes estarán en ",
        "userDefined": false
      },
      {
        "text": "mi",
        "meta": "@sys.ignore",
        "userDefined": false
      },
      {
        "text": " exposición",
        "userDefined": false
      }
    ],
    "isTemplate": false,
    "count": 0,
    "lang": "es",
    "updated": 0
  }
]