[
  {
    "id": "9e87fa8e-40b8-499d-bcd2-eb694f34f6fa",
    "data": [
      {
        "text": "programas para hacer referencias",
        "userDefined": false
      }
    ],
    "isTemplate": false,
    "count": 0,
    "lang": "es",
    "updated": 0
  },
  {
    "id": "e749e4e6-b294-4174-8f2f-3b6679c10e9c",
    "data": [
      {
        "text": "herramientas que ayuden a hacer referencias",
        "userDefined": false
      }
    ],
    "isTemplate": false,
    "count": 0,
    "lang": "es",
    "updated": 0
  },
  {
    "id": "9e3a5d3c-5d2a-472b-a0db-d19ba6827960",
    "data": [
      {
        "text": "formato de las referencias",
        "userDefined": false
      }
    ],
    "isTemplate": false,
    "count": 0,
    "lang": "es",
    "updated": 0
  },
  {
    "id": "a43db62e-1743-4b9b-a084-6baf6fef52a5",
    "data": [
      {
        "text": "como se hacen las referencias",
        "userDefined": false
      }
    ],
    "isTemplate": false,
    "count": 0,
    "lang": "es",
    "updated": 0
  },
  {
    "id": "f63517f8-2f64-47cf-9248-1039a8798ebe",
    "data": [
      {
        "text": "como hacer referencias",
        "userDefined": false
      }
    ],
    "isTemplate": false,
    "count": 0,
    "lang": "es",
    "updated": 0
  },
  {
    "id": "baf50c69-b18c-44f9-9e16-12c89bf8da36",
    "data": [
      {
        "text": "referencias",
        "userDefined": false
      }
    ],
    "isTemplate": false,
    "count": 0,
    "lang": "es",
    "updated": 0
  }
]