[
  {
    "id": "354ea029-e423-434a-8096-1e08d343199e",
    "data": [
      {
        "text": "que hago",
        "userDefined": false
      }
    ],
    "isTemplate": false,
    "count": 0,
    "lang": "es",
    "updated": 0
  },
  {
    "id": "6b087c8e-77b7-46bf-ba96-b6d45f066394",
    "data": [
      {
        "text": "que tengo que hacer",
        "userDefined": false
      }
    ],
    "isTemplate": false,
    "count": 0,
    "lang": "es",
    "updated": 0
  },
  {
    "id": "d52ac316-23bb-4227-8e9d-6f02b2fbfa9c",
    "data": [
      {
        "text": "Condiciones de TFG",
        "userDefined": false
      }
    ],
    "isTemplate": false,
    "count": 0,
    "lang": "es",
    "updated": 0
  }
]