[
  {
    "id": "20f3e9d8-6924-4f99-8d38-74f40f06369d",
    "data": [
      {
        "text": "yepa",
        "meta": "@sys.ignore",
        "userDefined": false
      }
    ],
    "isTemplate": false,
    "count": 0,
    "lang": "es",
    "updated": 0
  },
  {
    "id": "1936805c-3007-46f6-b1f8-8fd4c35294f4",
    "data": [
      {
        "text": "ey",
        "meta": "@sys.ignore",
        "userDefined": false
      }
    ],
    "isTemplate": false,
    "count": 0,
    "lang": "es",
    "updated": 0
  },
  {
    "id": "2844a609-79cb-450c-b520-7920709984c6",
    "data": [
      {
        "text": "aupa",
        "meta": "@sys.ignore",
        "userDefined": false
      }
    ],
    "isTemplate": false,
    "count": 0,
    "lang": "es",
    "updated": 0
  },
  {
    "id": "da321195-5d2e-455c-89e7-6572f7a189dd",
    "data": [
      {
        "text": "buenas",
        "meta": "@sys.ignore",
        "userDefined": false
      }
    ],
    "isTemplate": false,
    "count": 0,
    "lang": "es",
    "updated": 0
  },
  {
    "id": "fc1786bc-4e94-431a-9e87-557b052abfcf",
    "data": [
      {
        "text": "buenas noches",
        "meta": "@sys.ignore",
        "userDefined": false
      }
    ],
    "isTemplate": false,
    "count": 0,
    "lang": "es",
    "updated": 0
  },
  {
    "id": "a371dcf6-b502-4f02-bea5-cf10be58bd85",
    "data": [
      {
        "text": "buenas tardes",
        "meta": "@sys.ignore",
        "userDefined": false
      }
    ],
    "isTemplate": false,
    "count": 0,
    "lang": "es",
    "updated": 0
  },
  {
    "id": "2813106c-c0ab-424a-a626-d3c5d05b60e5",
    "data": [
      {
        "text": "Buenos dias",
        "userDefined": false
      }
    ],
    "isTemplate": false,
    "count": 1,
    "lang": "es",
    "updated": 0
  },
  {
    "id": "e9c0e2d4-d9c4-49c2-9d6f-1e794b531979",
    "data": [
      {
        "text": "Buenos días",
        "userDefined": false
      }
    ],
    "isTemplate": false,
    "count": 0,
    "lang": "es",
    "updated": 0
  },
  {
    "id": "3d3d7b6f-e2e4-4957-8e46-c182bc4dc436",
    "data": [
      {
        "text": "hola",
        "userDefined": false
      }
    ],
    "isTemplate": false,
    "count": 0,
    "lang": "es",
    "updated": 0
  },
  {
    "id": "23f73b81-e04e-4002-b33d-6a275a0f7242",
    "data": [
      {
        "text": "hey",
        "userDefined": false
      }
    ],
    "isTemplate": false,
    "count": 0,
    "lang": "es",
    "updated": 0
  },
  {
    "id": "e3010a1a-d758-4c99-8786-516ddee7c8ca",
    "data": [
      {
        "text": "saludos",
        "userDefined": false
      }
    ],
    "isTemplate": false,
    "count": 0,
    "lang": "es",
    "updated": 0
  },
  {
    "id": "41dd6b18-e6df-472e-aa01-8dfa3c9a18dd",
    "data": [
      {
        "text": "hey ho",
        "userDefined": false
      }
    ],
    "isTemplate": false,
    "count": 0,
    "lang": "es",
    "updated": 0
  },
  {
    "id": "8d62ce33-406f-4c50-94ca-bb6067160b51",
    "data": [
      {
        "text": "chao",
        "userDefined": false
      }
    ],
    "isTemplate": false,
    "count": 0,
    "lang": "es",
    "updated": 0
  }
]