[
  {
    "id": "66858e42-72ef-44d0-b495-497b65dd0976",
    "data": [
      {
        "text": "lo puedo hacer con ",
        "userDefined": false
      },
      {
        "text": "un",
        "meta": "@sys.ignore",
        "userDefined": false
      },
      {
        "text": " compañero",
        "userDefined": false
      }
    ],
    "isTemplate": false,
    "count": 0,
    "lang": "es",
    "updated": 0
  },
  {
    "id": "3e0e34f5-366e-4449-9e4a-d5f15ec50cdb",
    "data": [
      {
        "text": "se puede hacer en pareja?",
        "userDefined": false
      }
    ],
    "isTemplate": false,
    "count": 0,
    "lang": "es",
    "updated": 0
  },
  {
    "id": "7a9bc485-6cf4-46f0-b95e-7647b90b51cf",
    "data": [
      {
        "text": "puedo hacerlo con compañero?",
        "userDefined": false
      }
    ],
    "isTemplate": false,
    "count": 0,
    "lang": "es",
    "updated": 0
  },
  {
    "id": "1ebbfc5d-dbc2-4ef6-8dce-2e0529c910e1",
    "data": [
      {
        "text": "es",
        "meta": "@sys.ignore",
        "userDefined": false
      },
      {
        "text": " individual?",
        "userDefined": false
      }
    ],
    "isTemplate": false,
    "count": 0,
    "lang": "es",
    "updated": 0
  }
]