[
  {
    "id": "d85b7363-78a1-4b3a-8bf7-707f92cc92ad",
    "data": [
      {
        "text": "es",
        "meta": "@sys.ignore",
        "userDefined": false
      },
      {
        "text": " obligatoria ",
        "userDefined": false
      },
      {
        "text": "la",
        "meta": "@sys.ignore",
        "userDefined": false
      },
      {
        "text": " presentación?",
        "userDefined": false
      }
    ],
    "isTemplate": false,
    "count": 1,
    "lang": "es",
    "updated": 0
  },
  {
    "id": "9ed77170-d398-4c91-afd0-a8da63a96b45",
    "data": [
      {
        "text": "que pasa si no hago la presentación?",
        "userDefined": false
      }
    ],
    "isTemplate": false,
    "count": 0,
    "lang": "es",
    "updated": 0
  },
  {
    "id": "43e6d446-4516-4b91-bb0c-216a54eb460f",
    "data": [
      {
        "text": "Que ocurre si deposito la memoria pero no hago la presentacion?",
        "userDefined": false
      }
    ],
    "isTemplate": false,
    "count": 0,
    "lang": "es",
    "updated": 0
  }
]