[
  {
    "id": "0080c5df-3dcc-4870-9edc-5f366a43dc94",
    "data": [
      {
        "text": "puedo hacerlo con ",
        "userDefined": false
      },
      {
        "text": "una empresa",
        "meta": "@sys.ignore",
        "userDefined": false
      },
      {
        "text": "?",
        "userDefined": false
      }
    ],
    "isTemplate": false,
    "count": 0,
    "lang": "es",
    "updated": 0
  },
  {
    "id": "7724a4de-0dd5-4c29-834b-863c7b1c9e7d",
    "data": [
      {
        "text": "quiero hacerlo en ",
        "userDefined": false
      },
      {
        "text": "una empresa",
        "meta": "@sys.ignore",
        "userDefined": false
      }
    ],
    "isTemplate": false,
    "count": 0,
    "lang": "es",
    "updated": 0
  },
  {
    "id": "d9a393d5-cdd8-432b-931c-72f6422ca54f",
    "data": [
      {
        "text": "puedo hacerlo en ",
        "userDefined": false
      },
      {
        "text": "una empresa",
        "meta": "@sys.ignore",
        "userDefined": false
      }
    ],
    "isTemplate": false,
    "count": 0,
    "lang": "es",
    "updated": 0
  },
  {
    "id": "db9a36eb-ace7-4bfa-b54e-b1255a121ca6",
    "data": [
      {
        "text": "puedo hacer el TFG en ",
        "userDefined": false
      },
      {
        "text": "una empresa",
        "meta": "@sys.ignore",
        "userDefined": false
      },
      {
        "text": "?",
        "userDefined": false
      }
    ],
    "isTemplate": false,
    "count": 0,
    "lang": "es",
    "updated": 0
  }
]